1;h13sjyo1hi;1;;1
2;wwy4fg40g3;2;;2
3;qsymsg0sa5;3;;3
4;yy726pzyv6;4;;4
5;juysxrhogh;5;;5
6;ub4igg5wl4;6;;6
7;1e7ie3fx3d;7;;7
8;y3tersh1gh;8;;8
9;biu09o8x16;9;;9
10;zgvef15hck;10;;10
11;nboprchb9a;11;;11
12;qu2hmfvgoc;12;;12
13;owjn6c2gqr;13;;13
14;834ku4jqxa;14;;14
15;344xb3lia4;15;;15
16;nm94disxjt;16;;16
17;tn5a5etmwi;17;;17
18;wuwvcd0rjx;18;;18
19;7l4pzvcddj;19;;19
20;ubve7nnro6;20;;20
21;28huwuy0q3;21;;21
22;3qciz71hci;22;;22
23;djp1efd412;23;;23
24;tya7nnb2fq;24;;24
25;cd4j5xzb1n;25;;25
26;05ezyjgx4z;26;;26
27;1ayzys4ocd;27;;27
28;kkdg4hj4vc;28;;28
29;u1dy0rqwid;29;;29
30;f9zx0i8f6m;30;;30
31;omybtzp2bq;31;;31
32;c6db3habu6;32;;32
33;cxbvlrwzhy;33;;33
34;vmanspyiqv;34;;34
35;ea8pznfq4t;35;;35
36;9f41j54y7u;36;;36
37;a27vgpv5u4;37;;37
38;opsyx9gtvs;38;;38
39;abtl7u5mtb;39;;39
40;2owe8l2puy;40;;40
41;dcxcw4dpog;41;;41
42;phfwo9bwpb;42;;42
43;tqfnl9zwoc;43;;43
44;6v6fovqvr4;44;;44
45;ytlwzoy1zt;45;;45
46;qqi0xjzezc;46;;46
47;5zxacehajn;47;;47
48;uvpnrssy09;48;;48
49;uqk1uvpf2x;49;;49
50;ue8qkvvzfy;50;;50
51;fq95b7u1h4;51;;51
52;qqp1e4lyfd;52;;52
53;pyx1o6znsr;53;;53
54;ibzhndlx6b;54;;54
55;x28x1tcei2;55;;55
56;zrhz4e8aag;56;;56
57;5e1el9hto0;57;;57
58;19fdmgw9mi;58;;58
59;hifzc30aex;59;;59
60;pih0dynz1d;60;;60
61;5283vhcfbq;61;;61
62;u0rjaa7w1m;62;;62
63;xv2rxl4yly;63;;63
64;u1redupmb2;64;;64
65;ss3v4sxiaf;65;;65
66;uude1sg97z;66;;66
67;prjpuf4rpl;67;;67
68;olufc8lpf9;68;;68
69;6odykgr3d3;69;;69
70;i6mkesmlba;70;;70
71;7dttqpgjb1;71;;71
72;bcmjo8i68e;72;;72
73;c4nk2qof0g;73;;73
74;yctjj0ti21;74;;74
75;mt4ss7sqpb;75;;75
76;2o5cra98wc;76;;76
77;94cd1ixstt;77;;77
78;nojtlhhux5;78;;78
79;rhgkaroiu0;79;;79
80;o6v92razph;80;;80
81;tvccgviipk;81;;81
82;fy65uwn6e0;82;;82
83;51x75j0elb;83;;83
84;0i79ro90v4;84;;84
85;ggu9zb2vpm;85;;85
86;y44avj9925;86;;86
87;nv2n5ukxbo;87;;87
88;axo3ai4wt2;88;;88
89;r9esojd1yy;89;;89
90;v7juvklujv;90;;90
91;56rh38i3us;91;;91
92;fq1bwn54aj;92;;92
93;lp27hlonjx;93;;93
94;4rrhqbvmgc;94;;94
95;i7tsyonisl;95;;95
96;yq2uanao8u;96;;96
97;ykz20238uw;97;;97
98;ber36q09ef;98;;98
99;r0uyc8nfzj;99;;99
100;8g3gx5esmy;100;;100
101;ofuhk5qgso;101;;101
102;83f3nx6ci6;102;;102
103;iuod4ugm0q;103;;103
104;acbsc1e0nb;104;;104
105;xepri7jcv6;105;;105
106;f92bbxdxzp;106;;106
107;kq114cw0af;107;;107
108;oojdoxpgsz;108;;108
109;pr89cn5dm5;109;;109
110;ktgqidk6x6;110;;110
111;tuzxzy7803;111;;111
112;fig0691jbx;112;;112
113;3qqp6ima7u;113;;113
114;2x5wetoosk;114;;114
115;7cq68f4apx;115;;115
116;h1b533rdrk;116;;116
117;qcro3uaksg;117;;117
118;hsbuh2lftk;118;;118
119;cctgpsfgxy;119;;119
120;269nw3q6o5;120;;120
121;367k6az6qy;121;;121
122;hrlcn4za7a;122;;122
123;wcj3revf1w;123;;123
124;mnusm2f1wb;124;;124
125;rg15mbdg7v;125;;125
126;xl0sxfcp1b;126;;126
127;pazh6nnu2y;127;;127
128;ehtbgwqzz0;128;;128
129;6s0pgg6gtp;129;;129
130;wvz53511ma;130;;130
131;802a8jy05e;131;;131
132;5kw1qz433h;132;;132
133;p04exdf91o;133;;133
134;0njrc4rt5y;134;;134
135;j55xraltox;135;;135
136;l9hg8pi12w;136;;136
137;ayrkvy96bg;137;;137
138;vjj45wboie;138;;138
139;7akwgqxjju;139;;139
140;bq6q4dilxt;140;;140
141;5ecmzjpsie;141;;141
142;gt50wdqen1;142;;142
143;tq8z3c83ny;143;;143
144;mmdcgtv6g5;144;;144
145;a345qzuinf;145;;145
146;39rrt4hont;146;;146
147;yoev4xyd3h;147;;147
148;6g0iqzfh7b;148;;148
149;09ahdb85uf;149;;149
150;7anvus9c4a;150;;150
151;wzmskth0us;151;;151
152;ve9bpr98t3;152;;152
153;z39unyc3nv;153;;153
154;wnuje1n4nf;154;;154
155;sbqwkqmceg;155;;155
156;l9wcdr87ak;156;;156
157;q45prad8k8;157;;157
158;gprs5wxgzf;158;;158
159;xvoa0upnz7;159;;159
160;ke8byg4343;160;;160
161;eke055ifp0;161;;161
162;ua9kbg4cdk;162;;162
163;7y7wftjiz1;163;;163
164;ssmrcrtpfk;164;;164
165;e1nu6hd1l6;165;;165
166;re6qbyvua5;166;;166
167;x2rgek8702;167;;167
168;xfk8hc5du0;168;;168
169;yo3bm1l4c6;169;;169
170;k07lb9xfgd;170;;170
171;dg6y4l19ja;171;;171
172;o76m9lscmx;172;;172
173;b3g427ouz8;173;;173
174;2xoz2wfi5p;174;;174
175;h88mw4ij6n;175;;175
176;x1d8kv9yxd;176;;176
177;0bl5cliunr;177;;177
178;gtrd6gkr1o;178;;178
179;9lofc46idj;179;;179
180;n0l7ul1otm;180;;180
181;3hwwer6ey3;181;;181
182;1fna4te59n;182;;182
183;vs5i7jji9p;183;;183
184;gtrklmnkrq;184;;184
185;1ufl39vgpq;185;;185
186;ss6ix2vcv9;186;;186
187;3ygpvgxt1o;187;;187
188;x8htslsm8e;188;;188
189;2hefn4hyya;189;;189
190;wc74b3zpml;190;;190
191;lv2s3gztb8;191;;191
192;yd2jghqn2e;192;;192
193;798zu21x86;193;;193
194;zwpyil7bsw;194;;194
195;ozf5bsnwpe;195;;195
196;ngpook1pfs;196;;196
197;kwh9s7e5uf;197;;197
198;42wkuq8mek;198;;198
199;je2ju2b158;199;;199
200;ehe7ihxnlf;200;;200
201;wysyomlgzd;;1;201
202;7lhd8ki29p;;2;202
203;mzgfidnyq8;;3;203
204;exrbl5sk0y;;4;204
205;u1x5ffizs2;;5;205
206;r2i2qb40s6;;6;206
207;55d95tqd2s;;7;207
208;kllzi1psv3;;8;208
209;ert0qb6xz4;;9;209
210;1lfnzt8yrj;;10;210
211;bbogizy3ub;;11;211
212;vd53yicrt9;;12;212
213;jjeaq9ugmx;;13;213
214;wnm0lqttec;;14;214
215;h8xv9cgugg;;15;215
216;56e9tdluh6;;16;216
217;ck2xut4ntr;;17;217
218;o7qa33a791;;18;218
219;1hpves6483;;19;219
220;t5mfn0ucec;;20;220
221;uspcuupyg5;;21;221
222;4weuilrumz;;22;222
223;0sctm5n12l;;23;223
224;fs1pu3oavx;;24;224
225;jlfaqy069a;;25;225
226;q9yi802viw;;26;226
227;lpexz58p27;;27;227
228;7he4td6a4z;;28;228
229;xupm5ksrn5;;29;229
230;gtyo2zja2d;;30;230
231;b0bka30zqs;;31;231
232;dqqfzrd7zp;;32;232
233;ffxo1qqs1i;;33;233
234;kejihqwwix;;34;234
235;gwcwzm0xr9;;35;235
236;qsqrieazcb;;36;236
237;qzindot0tx;;37;237
238;9sfbta4eeb;;38;238
239;kqjtq4c3re;;39;239
240;d5zfmbciec;;40;240
241;qy7p78kc78;;41;241
242;7th0g7st5e;;42;242
243;5p1gafj46p;;43;243
244;91tvw84c0i;;44;244
245;2l0xdaderf;;45;245
246;jzrdbiesje;;46;246
247;6gkywcg8gp;;47;247
248;illl1uuusm;;48;248
249;xzccz1rahk;;49;249
250;ywf3q3o35d;;50;250
251;3ihp0me15a;;51;251
252;r8skz3hlee;;52;252
253;wbx6b0mh0r;;53;253
254;3tyy67bjpz;;54;254
255;1r0c2y3dsh;;55;255
256;88va6kl4sj;;56;256
257;effoqt5nqq;;57;257
258;q8cskltwto;;58;258
259;ool0r4pgqf;;59;259
260;qh3ps254ux;;60;260
261;65ex46ogfi;;61;261
262;fpyubeujw4;;62;262
263;r1prhrmpxh;;63;263
264;x1uuyxf6nw;;64;264
265;p8m0fy05p5;;65;265
266;ckkra6ux3n;;66;266
267;83b7kowb3z;;67;267
268;m2tmm9tr9v;;68;268
269;7uyp6akqdt;;69;269
270;qbnu844wdd;;70;270
271;qbox4uwhoa;;71;271
272;s7ishye49j;;72;272
273;7rnkbd8i06;;73;273
274;lwyq6btn6i;;74;274
275;hixhdqnvor;;75;275
276;h0va7wejgi;;76;276
277;nngkkrunxk;;77;277
278;qsqtryia4v;;78;278
279;ez1vnl14mp;;79;279
280;bja3wbipw9;;80;280
281;dm61j2lp8c;;81;281
282;5tnkfc4ywz;;82;282
283;bccx8unnbc;;83;283
284;6vyua9htu0;;84;284
285;70m35eorgj;;85;285
286;i0engtoe4j;;86;286
287;5kykfymq1i;;87;287
288;5b6kmn7vev;;88;288
289;4okni499lj;;89;289
290;ea40f1of4j;;90;290
291;yrl7zvbkjv;;91;291
292;f6u17ydzeb;;92;292
293;8n1mlw5tzb;;93;293
294;92w01j6psk;;94;294
295;hqj3v8kuv7;;95;295
296;j7fq7szz7n;;96;296
297;5wpdohx3q9;;97;297
298;ecldrwbyv6;;98;298
299;xmz1cqm6rd;;99;299
300;7sy1s4uilt;;100;300
301;sdc7m6pxl0;;101;301
302;2njs67zbwx;;102;302
303;xl4hbf1kz8;;103;303
304;b10iyf9cul;;104;304
305;wug4spavfr;;105;305
306;fws4rawag3;;106;306
307;x2e1vf5ujj;;107;307
308;5bzf0aq4t5;;108;308
309;usogz3yjv6;;109;309
310;t9barl8wcw;;110;310
311;2tjivpzen8;;111;311
312;0otze7e17h;;112;312
313;upt1n83nkq;;113;313
314;8c23owro9r;;114;314
315;m6gn6zejs6;;115;315
316;ly6yhrqa14;;116;316
317;hkexusj9jx;;117;317
318;jo22ziot1d;;118;318
319;zstksui1ll;;119;319
320;9wnws4nm86;;120;320
321;y7k7t8u5pk;;121;321
322;v61zu848sr;;122;322
323;e4ovmg0pl6;;123;323
324;3lt175c4y1;;124;324
325;kzxwjfmlak;;125;325
326;o0h9hbtv2r;;126;326
327;w4rkx5yo27;;127;327
328;acy776s1k1;;128;328
329;7ygyd5f6g6;;129;329
330;hfzu8t6hih;;130;330
331;vr723i418a;;131;331
332;0p7yrg1br3;;132;332
333;x9qps6nl2j;;133;333
334;fxo4u5nhyv;;134;334
335;rkeu2jyt5k;;135;335
336;125x5soceq;;136;336
337;vjaa0ycpvt;;137;337
338;f34t9j47ad;;138;338
339;35wjawiqo5;;139;339
340;5nmrme4nkg;;140;340
341;peb8dkgrqk;;141;341
342;hi1l6b1r5l;;142;342
343;hsu9onxuvh;;143;343
344;u12hx2zevo;;144;344
345;2i67i26qex;;145;345
346;8oin24r3mh;;146;346
347;lua0rtyzfh;;147;347
348;w97ibbw4ks;;148;348
349;x0jr7n1yai;;149;349
350;gpn7xj46ru;;150;350
351;ajgymd25at;;151;351
352;8l0fkkhbez;;152;352
353;shq2yc699s;;153;353
354;rodn8b59zp;;154;354
355;yfewkedyr1;;155;355
356;ey3h9odlal;;156;356
357;i539cg9z9e;;157;357
358;j6te7vicym;;158;358
359;yb68wdwtlz;;159;359
360;w0pot8yqib;;160;360
361;75pv6v02ya;;161;361
362;87o4m3z85m;;162;362
363;d1rspicukk;;163;363
364;0vu2kn79lz;;164;364
365;sp00x3q687;;165;365
366;fslcyk7md1;;166;366
367;z3sj93y45h;;167;367
368;a050i7j9uu;;168;368
369;39nvqlepj5;;169;369
370;zntu244tne;;170;370
371;x2d5re1lkw;;171;371
372;qqqu0ul3wd;;172;372
373;gejv1542dd;;173;373
374;jxpmq6zuij;;174;374
375;ay5bl13itm;;175;375
376;rset0yhvys;;176;376
377;1y587isxee;;177;377
378;jjm2h32wj0;;178;378
379;po2po764p8;;179;379
380;xohwkco0tf;;180;380
381;6nf78zm1lt;;181;381
382;dkc3eshd0y;;182;382
383;taocit4tmf;;183;383
384;zlr4e3yxm8;;184;384
385;gnk6u4maml;;185;385
386;dhdlmg8opc;;186;386
387;gnfj7f45sj;;187;387
388;9tjfim2q6c;;188;388
389;b2tj3bybbv;;189;389
390;2rrjt7u2kn;;190;390
391;ycr3i3736e;;191;391
392;alvciiy5sm;;192;392
393;pz7x4vzaxu;;193;393
394;p8m2gxs9t5;;194;394
395;lh4m5l97jw;;195;395
396;5rklarwjin;;196;396
397;gwi92jj1dp;;197;397
398;00fu54o036;;198;398
399;ljtiotx6pf;;199;399
400;eljq1aei3j;;200;400
